CREATE DATABASE  IF NOT EXISTS `social_media_blog` /*!40100 DEFAULT CHARACTER SET utf8mb4 COLLATE utf8mb4_0900_ai_ci */ /*!80016 DEFAULT ENCRYPTION='N' */;
USE `social_media_blog`;
-- MySQL dump 10.13  Distrib 8.0.33, for Win64 (x86_64)
--
-- Host: localhost    Database: social_media_blog
-- ------------------------------------------------------
-- Server version	8.0.33

/*!40101 SET @OLD_CHARACTER_SET_CLIENT=@@CHARACTER_SET_CLIENT */;
/*!40101 SET @OLD_CHARACTER_SET_RESULTS=@@CHARACTER_SET_RESULTS */;
/*!40101 SET @OLD_COLLATION_CONNECTION=@@COLLATION_CONNECTION */;
/*!50503 SET NAMES utf8 */;
/*!40103 SET @OLD_TIME_ZONE=@@TIME_ZONE */;
/*!40103 SET TIME_ZONE='+00:00' */;
/*!40014 SET @OLD_UNIQUE_CHECKS=@@UNIQUE_CHECKS, UNIQUE_CHECKS=0 */;
/*!40014 SET @OLD_FOREIGN_KEY_CHECKS=@@FOREIGN_KEY_CHECKS, FOREIGN_KEY_CHECKS=0 */;
/*!40101 SET @OLD_SQL_MODE=@@SQL_MODE, SQL_MODE='NO_AUTO_VALUE_ON_ZERO' */;
/*!40111 SET @OLD_SQL_NOTES=@@SQL_NOTES, SQL_NOTES=0 */;

--
-- Table structure for table `comment`
--

DROP TABLE IF EXISTS `comment`;
/*!40101 SET @saved_cs_client     = @@character_set_client */;
/*!50503 SET character_set_client = utf8mb4 */;
CREATE TABLE `comment` (
  `comment_id` int NOT NULL AUTO_INCREMENT,
  `post_id` int NOT NULL,
  `user_id` int NOT NULL,
  `comment_text` text NOT NULL,
  `created_at` timestamp NULL DEFAULT CURRENT_TIMESTAMP,
  PRIMARY KEY (`comment_id`),
  KEY `post_id` (`post_id`),
  KEY `user_id` (`user_id`),
  CONSTRAINT `comment_ibfk_1` FOREIGN KEY (`post_id`) REFERENCES `post` (`post_id`),
  CONSTRAINT `comment_ibfk_2` FOREIGN KEY (`user_id`) REFERENCES `user` (`user_id`)
) ENGINE=InnoDB AUTO_INCREMENT=11 DEFAULT CHARSET=utf8mb4 COLLATE=utf8mb4_0900_ai_ci;
/*!40101 SET character_set_client = @saved_cs_client */;

--
-- Dumping data for table `comment`
--

LOCK TABLES `comment` WRITE;
/*!40000 ALTER TABLE `comment` DISABLE KEYS */;
INSERT INTO `comment` VALUES (1,1,2,'Nice explanation!','2025-10-26 07:00:37'),(2,2,1,'Very helpful post!','2025-10-26 07:00:37'),(4,1,3,'This is a test comment for our trigger demonstration!','2025-10-26 07:10:40'),(7,1,1,'Great post! This will trigger a notification.','2025-10-27 05:58:15'),(8,1,1,'Great post! This will trigger a notification.','2025-11-04 06:08:39'),(9,2,1,'Good luck','2025-11-06 07:41:20'),(10,15,1,'yehhh','2025-11-06 07:59:21');
/*!40000 ALTER TABLE `comment` ENABLE KEYS */;
UNLOCK TABLES;
/*!50003 SET @saved_cs_client      = @@character_set_client */ ;
/*!50003 SET @saved_cs_results     = @@character_set_results */ ;
/*!50003 SET @saved_col_connection = @@collation_connection */ ;
/*!50003 SET character_set_client  = utf8mb4 */ ;
/*!50003 SET character_set_results = utf8mb4 */ ;
/*!50003 SET collation_connection  = utf8mb4_0900_ai_ci */ ;
/*!50003 SET @saved_sql_mode       = @@sql_mode */ ;
/*!50003 SET sql_mode              = 'ONLY_FULL_GROUP_BY,STRICT_TRANS_TABLES,NO_ZERO_IN_DATE,NO_ZERO_DATE,ERROR_FOR_DIVISION_BY_ZERO,NO_ENGINE_SUBSTITUTION' */ ;
DELIMITER ;;
/*!50003 CREATE*/ /*!50017 DEFINER=`root`@`localhost`*/ /*!50003 TRIGGER `trg_after_comment_insert` AFTER INSERT ON `comment` FOR EACH ROW BEGIN
                INSERT INTO Notification (user_id, message)
                VALUES (NEW.user_id, CONCAT('You commented on Post ID ', NEW.post_id));
            END */;;
DELIMITER ;
/*!50003 SET sql_mode              = @saved_sql_mode */ ;
/*!50003 SET character_set_client  = @saved_cs_client */ ;
/*!50003 SET character_set_results = @saved_cs_results */ ;
/*!50003 SET collation_connection  = @saved_col_connection */ ;
/*!50003 SET @saved_cs_client      = @@character_set_client */ ;
/*!50003 SET @saved_cs_results     = @@character_set_results */ ;
/*!50003 SET @saved_col_connection = @@collation_connection */ ;
/*!50003 SET character_set_client  = utf8mb4 */ ;
/*!50003 SET character_set_results = utf8mb4 */ ;
/*!50003 SET collation_connection  = utf8mb4_0900_ai_ci */ ;
/*!50003 SET @saved_sql_mode       = @@sql_mode */ ;
/*!50003 SET sql_mode              = 'ONLY_FULL_GROUP_BY,STRICT_TRANS_TABLES,NO_ZERO_IN_DATE,NO_ZERO_DATE,ERROR_FOR_DIVISION_BY_ZERO,NO_ENGINE_SUBSTITUTION' */ ;
DELIMITER ;;
/*!50003 CREATE*/ /*!50017 DEFINER=`root`@`localhost`*/ /*!50003 TRIGGER `after_comment_insert` AFTER INSERT ON `comment` FOR EACH ROW BEGIN
                DECLARE post_owner INT;
                SELECT user_id INTO post_owner FROM Post WHERE post_id = NEW.post_id;
                INSERT INTO Notification (user_id, message)
                VALUES (post_owner, CONCAT('User ', NEW.user_id, ' commented on your post: ', LEFT(NEW.comment_text, 50)));
            END */;;
DELIMITER ;
/*!50003 SET sql_mode              = @saved_sql_mode */ ;
/*!50003 SET character_set_client  = @saved_cs_client */ ;
/*!50003 SET character_set_results = @saved_cs_results */ ;
/*!50003 SET collation_connection  = @saved_col_connection */ ;

--
-- Table structure for table `follow`
--

DROP TABLE IF EXISTS `follow`;
/*!40101 SET @saved_cs_client     = @@character_set_client */;
/*!50503 SET character_set_client = utf8mb4 */;
CREATE TABLE `follow` (
  `follower_id` int NOT NULL,
  `following_id` int NOT NULL,
  `followed_at` timestamp NULL DEFAULT CURRENT_TIMESTAMP,
  PRIMARY KEY (`follower_id`,`following_id`),
  KEY `following_id` (`following_id`),
  CONSTRAINT `follow_ibfk_1` FOREIGN KEY (`follower_id`) REFERENCES `user` (`user_id`),
  CONSTRAINT `follow_ibfk_2` FOREIGN KEY (`following_id`) REFERENCES `user` (`user_id`)
) ENGINE=InnoDB DEFAULT CHARSET=utf8mb4 COLLATE=utf8mb4_0900_ai_ci;
/*!40101 SET character_set_client = @saved_cs_client */;

--
-- Dumping data for table `follow`
--

LOCK TABLES `follow` WRITE;
/*!40000 ALTER TABLE `follow` DISABLE KEYS */;
INSERT INTO `follow` VALUES (1,2,'2025-11-05 18:49:52'),(1,3,'2025-11-05 18:07:47'),(2,1,'2025-10-26 07:00:53'),(3,1,'2025-10-26 07:00:53');
/*!40000 ALTER TABLE `follow` ENABLE KEYS */;
UNLOCK TABLES;
/*!50003 SET @saved_cs_client      = @@character_set_client */ ;
/*!50003 SET @saved_cs_results     = @@character_set_results */ ;
/*!50003 SET @saved_col_connection = @@collation_connection */ ;
/*!50003 SET character_set_client  = utf8mb4 */ ;
/*!50003 SET character_set_results = utf8mb4 */ ;
/*!50003 SET collation_connection  = utf8mb4_0900_ai_ci */ ;
/*!50003 SET @saved_sql_mode       = @@sql_mode */ ;
/*!50003 SET sql_mode              = 'ONLY_FULL_GROUP_BY,STRICT_TRANS_TABLES,NO_ZERO_IN_DATE,NO_ZERO_DATE,ERROR_FOR_DIVISION_BY_ZERO,NO_ENGINE_SUBSTITUTION' */ ;
DELIMITER ;;
/*!50003 CREATE*/ /*!50017 DEFINER=`root`@`localhost`*/ /*!50003 TRIGGER `before_follow_insert` BEFORE INSERT ON `follow` FOR EACH ROW BEGIN
                IF NEW.follower_id = NEW.following_id THEN
                    SIGNAL SQLSTATE '45000' SET MESSAGE_TEXT = 'Cannot follow yourself!';
                END IF;
            END */;;
DELIMITER ;
/*!50003 SET sql_mode              = @saved_sql_mode */ ;
/*!50003 SET character_set_client  = @saved_cs_client */ ;
/*!50003 SET character_set_results = @saved_cs_results */ ;
/*!50003 SET collation_connection  = @saved_col_connection */ ;
/*!50003 SET @saved_cs_client      = @@character_set_client */ ;
/*!50003 SET @saved_cs_results     = @@character_set_results */ ;
/*!50003 SET @saved_col_connection = @@collation_connection */ ;
/*!50003 SET character_set_client  = utf8mb4 */ ;
/*!50003 SET character_set_results = utf8mb4 */ ;
/*!50003 SET collation_connection  = utf8mb4_0900_ai_ci */ ;
/*!50003 SET @saved_sql_mode       = @@sql_mode */ ;
/*!50003 SET sql_mode              = 'ONLY_FULL_GROUP_BY,STRICT_TRANS_TABLES,NO_ZERO_IN_DATE,NO_ZERO_DATE,ERROR_FOR_DIVISION_BY_ZERO,NO_ENGINE_SUBSTITUTION' */ ;
DELIMITER ;;
/*!50003 CREATE*/ /*!50017 DEFINER=`root`@`localhost`*/ /*!50003 TRIGGER `after_follow_insert` AFTER INSERT ON `follow` FOR EACH ROW BEGIN
                INSERT INTO Notification (user_id, message)
                VALUES (NEW.following_id, CONCAT('You have a new follower! User ID: ', NEW.follower_id));
            END */;;
DELIMITER ;
/*!50003 SET sql_mode              = @saved_sql_mode */ ;
/*!50003 SET character_set_client  = @saved_cs_client */ ;
/*!50003 SET character_set_results = @saved_cs_results */ ;
/*!50003 SET collation_connection  = @saved_col_connection */ ;

--
-- Table structure for table `likes`
--

DROP TABLE IF EXISTS `likes`;
/*!40101 SET @saved_cs_client     = @@character_set_client */;
/*!50503 SET character_set_client = utf8mb4 */;
CREATE TABLE `likes` (
  `user_id` int NOT NULL,
  `post_id` int NOT NULL,
  `liked_at` timestamp NULL DEFAULT CURRENT_TIMESTAMP,
  PRIMARY KEY (`user_id`,`post_id`),
  KEY `post_id` (`post_id`),
  CONSTRAINT `likes_ibfk_1` FOREIGN KEY (`user_id`) REFERENCES `user` (`user_id`),
  CONSTRAINT `likes_ibfk_2` FOREIGN KEY (`post_id`) REFERENCES `post` (`post_id`)
) ENGINE=InnoDB DEFAULT CHARSET=utf8mb4 COLLATE=utf8mb4_0900_ai_ci;
/*!40101 SET character_set_client = @saved_cs_client */;

--
-- Dumping data for table `likes`
--

LOCK TABLES `likes` WRITE;
/*!40000 ALTER TABLE `likes` DISABLE KEYS */;
INSERT INTO `likes` VALUES (1,2,'2025-10-26 07:00:53'),(2,1,'2025-10-26 07:00:53'),(3,1,'2025-10-26 07:00:53');
/*!40000 ALTER TABLE `likes` ENABLE KEYS */;
UNLOCK TABLES;

--
-- Table structure for table `notification`
--

DROP TABLE IF EXISTS `notification`;
/*!40101 SET @saved_cs_client     = @@character_set_client */;
/*!50503 SET character_set_client = utf8mb4 */;
CREATE TABLE `notification` (
  `notification_id` int NOT NULL AUTO_INCREMENT,
  `user_id` int NOT NULL,
  `message` varchar(255) DEFAULT NULL,
  `is_read` tinyint(1) DEFAULT '0',
  `created_at` timestamp NULL DEFAULT CURRENT_TIMESTAMP,
  PRIMARY KEY (`notification_id`),
  KEY `user_id` (`user_id`),
  CONSTRAINT `notification_ibfk_1` FOREIGN KEY (`user_id`) REFERENCES `user` (`user_id`)
) ENGINE=InnoDB AUTO_INCREMENT=30 DEFAULT CHARSET=utf8mb4 COLLATE=utf8mb4_0900_ai_ci;
/*!40101 SET character_set_client = @saved_cs_client */;

--
-- Dumping data for table `notification`
--

LOCK TABLES `notification` WRITE;
/*!40000 ALTER TABLE `notification` DISABLE KEYS */;
INSERT INTO `notification` VALUES (1,3,'You commented on Post ID 1',0,'2025-10-26 07:10:40'),(2,1,'You commented on Post ID 5',0,'2025-10-26 07:10:41'),(3,3,'You commented on Post ID 5',0,'2025-10-26 07:10:41'),(4,1,'You commented on Post ID 1',0,'2025-10-27 05:58:15'),(5,1,'You commented on Post ID 1',0,'2025-11-04 06:08:39'),(6,1,'Your post received a new like!',0,'2025-11-05 18:04:44'),(7,1,'User 1 liked your post!',0,'2025-11-05 18:04:44'),(8,1,'Your post received a new like!',0,'2025-11-05 18:04:52'),(9,1,'User 1 liked your post!',0,'2025-11-05 18:04:52'),(10,1,'Your post received a new like!',0,'2025-11-05 18:07:14'),(11,1,'User 1 liked your post!',0,'2025-11-05 18:07:14'),(12,3,'You have a new follower! User ID: 1',0,'2025-11-05 18:07:47'),(13,6,'You have a new follower! User ID: 1',0,'2025-11-05 18:09:27'),(14,2,'You have a new follower! User ID: 1',0,'2025-11-05 18:49:43'),(15,2,'You have a new follower! User ID: 1',0,'2025-11-05 18:49:49'),(16,2,'You have a new follower! User ID: 1',0,'2025-11-05 18:49:52'),(17,1,'Your post received a new like!',0,'2025-11-06 06:04:42'),(18,1,'User 1 liked your post!',0,'2025-11-06 06:04:42'),(19,6,'You have a new follower! User ID: 1',0,'2025-11-06 06:06:33'),(20,6,'You have a new follower! User ID: 1',0,'2025-11-06 07:25:38'),(21,6,'You have a new follower! User ID: 1',0,'2025-11-06 07:27:38'),(22,1,'You commented on Post ID 2',0,'2025-11-06 07:41:20'),(23,2,'User 1 commented on your post: Good luck',0,'2025-11-06 07:41:20'),(24,2,'Your post received a new like!',0,'2025-11-06 07:41:58'),(25,2,'User 1 liked your post!',0,'2025-11-06 07:41:58'),(26,1,'Your post received a new like!',0,'2025-11-06 07:59:10'),(27,1,'User 1 liked your post!',0,'2025-11-06 07:59:10'),(28,1,'You commented on Post ID 15',0,'2025-11-06 07:59:21'),(29,1,'User 1 commented on your post: yehhh',0,'2025-11-06 07:59:21');
/*!40000 ALTER TABLE `notification` ENABLE KEYS */;
UNLOCK TABLES;

--
-- Table structure for table `post`
--

DROP TABLE IF EXISTS `post`;
/*!40101 SET @saved_cs_client     = @@character_set_client */;
/*!50503 SET character_set_client = utf8mb4 */;
CREATE TABLE `post` (
  `post_id` int NOT NULL AUTO_INCREMENT,
  `user_id` int NOT NULL,
  `content` text NOT NULL,
  `created_at` timestamp NULL DEFAULT CURRENT_TIMESTAMP,
  PRIMARY KEY (`post_id`),
  KEY `user_id` (`user_id`),
  CONSTRAINT `post_ibfk_1` FOREIGN KEY (`user_id`) REFERENCES `user` (`user_id`)
) ENGINE=InnoDB AUTO_INCREMENT=16 DEFAULT CHARSET=utf8mb4 COLLATE=utf8mb4_0900_ai_ci;
/*!40101 SET character_set_client = @saved_cs_client */;

--
-- Dumping data for table `post`
--

LOCK TABLES `post` WRITE;
/*!40000 ALTER TABLE `post` DISABLE KEYS */;
INSERT INTO `post` VALUES (1,1,'Learning database triggers!','2025-10-26 07:00:22'),(2,2,'My first post about SQL!','2025-10-26 07:00:22'),(3,3,'Best blogging tips.','2025-10-26 07:00:22'),(4,1,'My new blog on SQL triggers and procedures!','2025-10-26 07:07:59'),(6,1,'Direct insert test (from script)','2025-11-05 17:04:11'),(7,1,'Automated POST test from assistant 2025-11-05T23:18:41.4374898+05:30','2025-11-05 17:48:43'),(8,1,'Manual test post 2025-11-05T23:31:02.2837115+05:30','2025-11-05 18:01:03'),(9,1,'hiii','2025-11-05 18:07:56'),(10,1,'my college is good. #PES','2025-11-05 18:52:33'),(14,2,'hi welcome to my blog','2025-11-06 06:50:31'),(15,1,'hello this my mini project\n#DBMS','2025-11-06 07:35:18');
/*!40000 ALTER TABLE `post` ENABLE KEYS */;
UNLOCK TABLES;
/*!50003 SET @saved_cs_client      = @@character_set_client */ ;
/*!50003 SET @saved_cs_results     = @@character_set_results */ ;
/*!50003 SET @saved_col_connection = @@collation_connection */ ;
/*!50003 SET character_set_client  = utf8mb4 */ ;
/*!50003 SET character_set_results = utf8mb4 */ ;
/*!50003 SET collation_connection  = utf8mb4_0900_ai_ci */ ;
/*!50003 SET @saved_sql_mode       = @@sql_mode */ ;
/*!50003 SET sql_mode              = 'ONLY_FULL_GROUP_BY,STRICT_TRANS_TABLES,NO_ZERO_IN_DATE,NO_ZERO_DATE,ERROR_FOR_DIVISION_BY_ZERO,NO_ENGINE_SUBSTITUTION' */ ;
DELIMITER ;;
/*!50003 CREATE*/ /*!50017 DEFINER=`root`@`localhost`*/ /*!50003 TRIGGER `trg_before_post_delete` BEFORE DELETE ON `post` FOR EACH ROW BEGIN
                DELETE FROM Comment WHERE post_id = OLD.post_id;
            END */;;
DELIMITER ;
/*!50003 SET sql_mode              = @saved_sql_mode */ ;
/*!50003 SET character_set_client  = @saved_cs_client */ ;
/*!50003 SET character_set_results = @saved_cs_results */ ;
/*!50003 SET collation_connection  = @saved_col_connection */ ;

--
-- Table structure for table `postlike`
--

DROP TABLE IF EXISTS `postlike`;
/*!40101 SET @saved_cs_client     = @@character_set_client */;
/*!50503 SET character_set_client = utf8mb4 */;
CREATE TABLE `postlike` (
  `user_id` int NOT NULL,
  `post_id` int NOT NULL,
  `liked_at` timestamp NULL DEFAULT CURRENT_TIMESTAMP,
  PRIMARY KEY (`user_id`,`post_id`),
  KEY `post_id` (`post_id`),
  CONSTRAINT `postlike_ibfk_1` FOREIGN KEY (`user_id`) REFERENCES `user` (`user_id`) ON DELETE CASCADE,
  CONSTRAINT `postlike_ibfk_2` FOREIGN KEY (`post_id`) REFERENCES `post` (`post_id`) ON DELETE CASCADE
) ENGINE=InnoDB DEFAULT CHARSET=utf8mb4 COLLATE=utf8mb4_0900_ai_ci;
/*!40101 SET character_set_client = @saved_cs_client */;

--
-- Dumping data for table `postlike`
--

LOCK TABLES `postlike` WRITE;
/*!40000 ALTER TABLE `postlike` DISABLE KEYS */;
INSERT INTO `postlike` VALUES (1,6,'2025-11-05 18:07:14'),(1,7,'2025-11-05 18:04:52'),(1,8,'2025-11-05 18:04:44'),(1,10,'2025-11-06 06:04:42'),(1,14,'2025-11-06 07:41:58'),(1,15,'2025-11-06 07:59:10'),(2,1,'2025-11-04 06:12:02'),(2,2,'2025-11-04 06:39:31');
/*!40000 ALTER TABLE `postlike` ENABLE KEYS */;
UNLOCK TABLES;
/*!50003 SET @saved_cs_client      = @@character_set_client */ ;
/*!50003 SET @saved_cs_results     = @@character_set_results */ ;
/*!50003 SET @saved_col_connection = @@collation_connection */ ;
/*!50003 SET character_set_client  = utf8mb4 */ ;
/*!50003 SET character_set_results = utf8mb4 */ ;
/*!50003 SET collation_connection  = utf8mb4_0900_ai_ci */ ;
/*!50003 SET @saved_sql_mode       = @@sql_mode */ ;
/*!50003 SET sql_mode              = 'ONLY_FULL_GROUP_BY,STRICT_TRANS_TABLES,NO_ZERO_IN_DATE,NO_ZERO_DATE,ERROR_FOR_DIVISION_BY_ZERO,NO_ENGINE_SUBSTITUTION' */ ;
DELIMITER ;;
/*!50003 CREATE*/ /*!50017 DEFINER=`root`@`localhost`*/ /*!50003 TRIGGER `trg_after_like_insert` AFTER INSERT ON `postlike` FOR EACH ROW BEGIN
                DECLARE post_owner INT;
                SELECT user_id INTO post_owner FROM Post WHERE post_id = NEW.post_id;
                INSERT INTO Notification (user_id, message)
                VALUES (post_owner, CONCAT('Your post received a new like!'));
            END */;;
DELIMITER ;
/*!50003 SET sql_mode              = @saved_sql_mode */ ;
/*!50003 SET character_set_client  = @saved_cs_client */ ;
/*!50003 SET character_set_results = @saved_cs_results */ ;
/*!50003 SET collation_connection  = @saved_col_connection */ ;
/*!50003 SET @saved_cs_client      = @@character_set_client */ ;
/*!50003 SET @saved_cs_results     = @@character_set_results */ ;
/*!50003 SET @saved_col_connection = @@collation_connection */ ;
/*!50003 SET character_set_client  = utf8mb4 */ ;
/*!50003 SET character_set_results = utf8mb4 */ ;
/*!50003 SET collation_connection  = utf8mb4_0900_ai_ci */ ;
/*!50003 SET @saved_sql_mode       = @@sql_mode */ ;
/*!50003 SET sql_mode              = 'ONLY_FULL_GROUP_BY,STRICT_TRANS_TABLES,NO_ZERO_IN_DATE,NO_ZERO_DATE,ERROR_FOR_DIVISION_BY_ZERO,NO_ENGINE_SUBSTITUTION' */ ;
DELIMITER ;;
/*!50003 CREATE*/ /*!50017 DEFINER=`root`@`localhost`*/ /*!50003 TRIGGER `after_like_insert` AFTER INSERT ON `postlike` FOR EACH ROW BEGIN
                DECLARE post_owner INT;
                SELECT user_id INTO post_owner FROM Post WHERE post_id = NEW.post_id;
                INSERT INTO Notification (user_id, message)
                VALUES (post_owner, CONCAT('User ', NEW.user_id, ' liked your post!'));
            END */;;
DELIMITER ;
/*!50003 SET sql_mode              = @saved_sql_mode */ ;
/*!50003 SET character_set_client  = @saved_cs_client */ ;
/*!50003 SET character_set_results = @saved_cs_results */ ;
/*!50003 SET collation_connection  = @saved_col_connection */ ;

--
-- Table structure for table `posttag`
--

DROP TABLE IF EXISTS `posttag`;
/*!40101 SET @saved_cs_client     = @@character_set_client */;
/*!50503 SET character_set_client = utf8mb4 */;
CREATE TABLE `posttag` (
  `post_id` int NOT NULL,
  `tag_id` int NOT NULL,
  PRIMARY KEY (`post_id`,`tag_id`),
  KEY `tag_id` (`tag_id`),
  CONSTRAINT `posttag_ibfk_1` FOREIGN KEY (`post_id`) REFERENCES `post` (`post_id`),
  CONSTRAINT `posttag_ibfk_2` FOREIGN KEY (`tag_id`) REFERENCES `tag` (`tag_id`)
) ENGINE=InnoDB DEFAULT CHARSET=utf8mb4 COLLATE=utf8mb4_0900_ai_ci;
/*!40101 SET character_set_client = @saved_cs_client */;

--
-- Dumping data for table `posttag`
--

LOCK TABLES `posttag` WRITE;
/*!40000 ALTER TABLE `posttag` DISABLE KEYS */;
INSERT INTO `posttag` VALUES (3,1),(2,2),(1,3);
/*!40000 ALTER TABLE `posttag` ENABLE KEYS */;
UNLOCK TABLES;

--
-- Table structure for table `tag`
--

DROP TABLE IF EXISTS `tag`;
/*!40101 SET @saved_cs_client     = @@character_set_client */;
/*!50503 SET character_set_client = utf8mb4 */;
CREATE TABLE `tag` (
  `tag_id` int NOT NULL AUTO_INCREMENT,
  `tag_name` varchar(50) NOT NULL,
  PRIMARY KEY (`tag_id`),
  UNIQUE KEY `tag_name` (`tag_name`)
) ENGINE=InnoDB AUTO_INCREMENT=4 DEFAULT CHARSET=utf8mb4 COLLATE=utf8mb4_0900_ai_ci;
/*!40101 SET character_set_client = @saved_cs_client */;

--
-- Dumping data for table `tag`
--

LOCK TABLES `tag` WRITE;
/*!40000 ALTER TABLE `tag` DISABLE KEYS */;
INSERT INTO `tag` VALUES (2,'AI'),(3,'Database'),(1,'Technology');
/*!40000 ALTER TABLE `tag` ENABLE KEYS */;
UNLOCK TABLES;

--
-- Table structure for table `user`
--

DROP TABLE IF EXISTS `user`;
/*!40101 SET @saved_cs_client     = @@character_set_client */;
/*!50503 SET character_set_client = utf8mb4 */;
CREATE TABLE `user` (
  `user_id` int NOT NULL AUTO_INCREMENT,
  `username` varchar(50) NOT NULL,
  `email` varchar(100) NOT NULL,
  `password` varchar(100) NOT NULL,
  `bio` varchar(255) DEFAULT NULL,
  `created_at` timestamp NULL DEFAULT CURRENT_TIMESTAMP,
  PRIMARY KEY (`user_id`),
  UNIQUE KEY `username` (`username`),
  UNIQUE KEY `email` (`email`)
) ENGINE=InnoDB AUTO_INCREMENT=19 DEFAULT CHARSET=utf8mb4 COLLATE=utf8mb4_0900_ai_ci;
/*!40101 SET character_set_client = @saved_cs_client */;

--
-- Dumping data for table `user`
--

LOCK TABLES `user` WRITE;
/*!40000 ALTER TABLE `user` DISABLE KEYS */;
INSERT INTO `user` VALUES (1,'harini','harini@gmail.com','hari@123','Full Stack Developer','2025-10-26 06:58:16'),(2,'arpita','arpita@gmail.com','pass123','AI/ML student','2025-10-26 06:58:16'),(3,'rahul','rahul@gmail.com','rahul@123','Tech enthusiast','2025-10-26 06:58:16'),(6,'harsha','harsha@gmail.com','1234','blogger','2025-10-27 05:51:41'),(7,'havyy','havy23@gmail.com','harsha','Hey Guys','2025-10-27 05:55:11'),(14,'nidhi','nidhi@gmail.com','987','btech','2025-11-04 06:49:23'),(17,'manik','abcd@gmail.com','12345','aethist who beleives who in karma','2025-11-05 16:01:24'),(18,'preethi','pre@gmail.com','pree78','Tech Enthusiast','2025-11-06 06:46:28');
/*!40000 ALTER TABLE `user` ENABLE KEYS */;
UNLOCK TABLES;

--
-- Dumping events for database 'social_media_blog'
--

--
-- Dumping routines for database 'social_media_blog'
--
/*!50003 DROP FUNCTION IF EXISTS `get_follower_count` */;
/*!50003 SET @saved_cs_client      = @@character_set_client */ ;
/*!50003 SET @saved_cs_results     = @@character_set_results */ ;
/*!50003 SET @saved_col_connection = @@collation_connection */ ;
/*!50003 SET character_set_client  = utf8mb4 */ ;
/*!50003 SET character_set_results = utf8mb4 */ ;
/*!50003 SET collation_connection  = utf8mb4_0900_ai_ci */ ;
/*!50003 SET @saved_sql_mode       = @@sql_mode */ ;
/*!50003 SET sql_mode              = 'ONLY_FULL_GROUP_BY,STRICT_TRANS_TABLES,NO_ZERO_IN_DATE,NO_ZERO_DATE,ERROR_FOR_DIVISION_BY_ZERO,NO_ENGINE_SUBSTITUTION' */ ;
DELIMITER ;;
CREATE DEFINER=`root`@`localhost` FUNCTION `get_follower_count`(u_id INT) RETURNS int
    DETERMINISTIC
BEGIN
                DECLARE total_followers INT;
                SELECT COUNT(*) INTO total_followers FROM Follow WHERE following_id = u_id;
                RETURN total_followers;
            END ;;
DELIMITER ;
/*!50003 SET sql_mode              = @saved_sql_mode */ ;
/*!50003 SET character_set_client  = @saved_cs_client */ ;
/*!50003 SET character_set_results = @saved_cs_results */ ;
/*!50003 SET collation_connection  = @saved_col_connection */ ;
/*!50003 DROP FUNCTION IF EXISTS `get_following_count` */;
/*!50003 SET @saved_cs_client      = @@character_set_client */ ;
/*!50003 SET @saved_cs_results     = @@character_set_results */ ;
/*!50003 SET @saved_col_connection = @@collation_connection */ ;
/*!50003 SET character_set_client  = utf8mb4 */ ;
/*!50003 SET character_set_results = utf8mb4 */ ;
/*!50003 SET collation_connection  = utf8mb4_0900_ai_ci */ ;
/*!50003 SET @saved_sql_mode       = @@sql_mode */ ;
/*!50003 SET sql_mode              = 'ONLY_FULL_GROUP_BY,STRICT_TRANS_TABLES,NO_ZERO_IN_DATE,NO_ZERO_DATE,ERROR_FOR_DIVISION_BY_ZERO,NO_ENGINE_SUBSTITUTION' */ ;
DELIMITER ;;
CREATE DEFINER=`root`@`localhost` FUNCTION `get_following_count`(u_id INT) RETURNS int
    DETERMINISTIC
BEGIN
                DECLARE total_following INT;
                SELECT COUNT(*) INTO total_following FROM Follow WHERE follower_id = u_id;
                RETURN total_following;
            END ;;
DELIMITER ;
/*!50003 SET sql_mode              = @saved_sql_mode */ ;
/*!50003 SET character_set_client  = @saved_cs_client */ ;
/*!50003 SET character_set_results = @saved_cs_results */ ;
/*!50003 SET collation_connection  = @saved_col_connection */ ;
/*!50003 DROP FUNCTION IF EXISTS `get_post_count` */;
/*!50003 SET @saved_cs_client      = @@character_set_client */ ;
/*!50003 SET @saved_cs_results     = @@character_set_results */ ;
/*!50003 SET @saved_col_connection = @@collation_connection */ ;
/*!50003 SET character_set_client  = utf8mb4 */ ;
/*!50003 SET character_set_results = utf8mb4 */ ;
/*!50003 SET collation_connection  = utf8mb4_0900_ai_ci */ ;
/*!50003 SET @saved_sql_mode       = @@sql_mode */ ;
/*!50003 SET sql_mode              = 'ONLY_FULL_GROUP_BY,STRICT_TRANS_TABLES,NO_ZERO_IN_DATE,NO_ZERO_DATE,ERROR_FOR_DIVISION_BY_ZERO,NO_ENGINE_SUBSTITUTION' */ ;
DELIMITER ;;
CREATE DEFINER=`root`@`localhost` FUNCTION `get_post_count`(u_id INT) RETURNS int
    DETERMINISTIC
BEGIN
                DECLARE total INT;
                SELECT COUNT(*) INTO total FROM Post WHERE user_id = u_id;
                RETURN total;
            END ;;
DELIMITER ;
/*!50003 SET sql_mode              = @saved_sql_mode */ ;
/*!50003 SET character_set_client  = @saved_cs_client */ ;
/*!50003 SET character_set_results = @saved_cs_results */ ;
/*!50003 SET collation_connection  = @saved_col_connection */ ;
/*!50003 DROP FUNCTION IF EXISTS `get_total_likes` */;
/*!50003 SET @saved_cs_client      = @@character_set_client */ ;
/*!50003 SET @saved_cs_results     = @@character_set_results */ ;
/*!50003 SET @saved_col_connection = @@collation_connection */ ;
/*!50003 SET character_set_client  = utf8mb4 */ ;
/*!50003 SET character_set_results = utf8mb4 */ ;
/*!50003 SET collation_connection  = utf8mb4_0900_ai_ci */ ;
/*!50003 SET @saved_sql_mode       = @@sql_mode */ ;
/*!50003 SET sql_mode              = 'ONLY_FULL_GROUP_BY,STRICT_TRANS_TABLES,NO_ZERO_IN_DATE,NO_ZERO_DATE,ERROR_FOR_DIVISION_BY_ZERO,NO_ENGINE_SUBSTITUTION' */ ;
DELIMITER ;;
CREATE DEFINER=`root`@`localhost` FUNCTION `get_total_likes`(u_id INT) RETURNS int
    DETERMINISTIC
BEGIN
                DECLARE total_likes INT;
                SELECT COUNT(*) INTO total_likes
                FROM PostLike pl 
                JOIN Post p ON pl.post_id = p.post_id
                WHERE p.user_id = u_id;
                RETURN total_likes;
            END ;;
DELIMITER ;
/*!50003 SET sql_mode              = @saved_sql_mode */ ;
/*!50003 SET character_set_client  = @saved_cs_client */ ;
/*!50003 SET character_set_results = @saved_cs_results */ ;
/*!50003 SET collation_connection  = @saved_col_connection */ ;
/*!50003 DROP FUNCTION IF EXISTS `get_user_engagement_rate` */;
/*!50003 SET @saved_cs_client      = @@character_set_client */ ;
/*!50003 SET @saved_cs_results     = @@character_set_results */ ;
/*!50003 SET @saved_col_connection = @@collation_connection */ ;
/*!50003 SET character_set_client  = utf8mb4 */ ;
/*!50003 SET character_set_results = utf8mb4 */ ;
/*!50003 SET collation_connection  = utf8mb4_0900_ai_ci */ ;
/*!50003 SET @saved_sql_mode       = @@sql_mode */ ;
/*!50003 SET sql_mode              = 'ONLY_FULL_GROUP_BY,STRICT_TRANS_TABLES,NO_ZERO_IN_DATE,NO_ZERO_DATE,ERROR_FOR_DIVISION_BY_ZERO,NO_ENGINE_SUBSTITUTION' */ ;
DELIMITER ;;
CREATE DEFINER=`root`@`localhost` FUNCTION `get_user_engagement_rate`(u_id INT) RETURNS decimal(5,2)
    DETERMINISTIC
BEGIN
                DECLARE total_posts INT;
                DECLARE total_likes INT;
                DECLARE total_comments INT;
                DECLARE engagement_rate DECIMAL(5,2);
                
                SELECT COUNT(*) INTO total_posts FROM Post WHERE user_id = u_id;
                SELECT COUNT(*) INTO total_likes FROM PostLike WHERE post_id IN (SELECT post_id FROM Post WHERE user_id = u_id);
                SELECT COUNT(*) INTO total_comments FROM Comment WHERE post_id IN (SELECT post_id FROM Post WHERE user_id = u_id);
                
                IF total_posts = 0 THEN
                    RETURN 0.00;
                ELSE
                    SET engagement_rate = (total_likes + total_comments) / total_posts;
                    RETURN engagement_rate;
                END IF;
            END ;;
DELIMITER ;
/*!50003 SET sql_mode              = @saved_sql_mode */ ;
/*!50003 SET character_set_client  = @saved_cs_client */ ;
/*!50003 SET character_set_results = @saved_cs_results */ ;
/*!50003 SET collation_connection  = @saved_col_connection */ ;
/*!50003 DROP PROCEDURE IF EXISTS `add_new_post` */;
/*!50003 SET @saved_cs_client      = @@character_set_client */ ;
/*!50003 SET @saved_cs_results     = @@character_set_results */ ;
/*!50003 SET @saved_col_connection = @@collation_connection */ ;
/*!50003 SET character_set_client  = utf8mb4 */ ;
/*!50003 SET character_set_results = utf8mb4 */ ;
/*!50003 SET collation_connection  = utf8mb4_0900_ai_ci */ ;
/*!50003 SET @saved_sql_mode       = @@sql_mode */ ;
/*!50003 SET sql_mode              = 'ONLY_FULL_GROUP_BY,STRICT_TRANS_TABLES,NO_ZERO_IN_DATE,NO_ZERO_DATE,ERROR_FOR_DIVISION_BY_ZERO,NO_ENGINE_SUBSTITUTION' */ ;
DELIMITER ;;
CREATE DEFINER=`root`@`localhost` PROCEDURE `add_new_post`(IN u_id INT, IN p_content TEXT)
BEGIN
                INSERT INTO Post(user_id, content) VALUES (u_id, p_content);
            END ;;
DELIMITER ;
/*!50003 SET sql_mode              = @saved_sql_mode */ ;
/*!50003 SET character_set_client  = @saved_cs_client */ ;
/*!50003 SET character_set_results = @saved_cs_results */ ;
/*!50003 SET collation_connection  = @saved_col_connection */ ;
/*!50003 DROP PROCEDURE IF EXISTS `follow_user` */;
/*!50003 SET @saved_cs_client      = @@character_set_client */ ;
/*!50003 SET @saved_cs_results     = @@character_set_results */ ;
/*!50003 SET @saved_col_connection = @@collation_connection */ ;
/*!50003 SET character_set_client  = utf8mb4 */ ;
/*!50003 SET character_set_results = utf8mb4 */ ;
/*!50003 SET collation_connection  = utf8mb4_0900_ai_ci */ ;
/*!50003 SET @saved_sql_mode       = @@sql_mode */ ;
/*!50003 SET sql_mode              = 'ONLY_FULL_GROUP_BY,STRICT_TRANS_TABLES,NO_ZERO_IN_DATE,NO_ZERO_DATE,ERROR_FOR_DIVISION_BY_ZERO,NO_ENGINE_SUBSTITUTION' */ ;
DELIMITER ;;
CREATE DEFINER=`root`@`localhost` PROCEDURE `follow_user`(IN follower INT, IN following INT)
BEGIN
                INSERT INTO Follow(follower_id, following_id) VALUES(follower, following);
            END ;;
DELIMITER ;
/*!50003 SET sql_mode              = @saved_sql_mode */ ;
/*!50003 SET character_set_client  = @saved_cs_client */ ;
/*!50003 SET character_set_results = @saved_cs_results */ ;
/*!50003 SET collation_connection  = @saved_col_connection */ ;
/*!50003 DROP PROCEDURE IF EXISTS `update_user_bio` */;
/*!50003 SET @saved_cs_client      = @@character_set_client */ ;
/*!50003 SET @saved_cs_results     = @@character_set_results */ ;
/*!50003 SET @saved_col_connection = @@collation_connection */ ;
/*!50003 SET character_set_client  = utf8mb4 */ ;
/*!50003 SET character_set_results = utf8mb4 */ ;
/*!50003 SET collation_connection  = utf8mb4_0900_ai_ci */ ;
/*!50003 SET @saved_sql_mode       = @@sql_mode */ ;
/*!50003 SET sql_mode              = 'ONLY_FULL_GROUP_BY,STRICT_TRANS_TABLES,NO_ZERO_IN_DATE,NO_ZERO_DATE,ERROR_FOR_DIVISION_BY_ZERO,NO_ENGINE_SUBSTITUTION' */ ;
DELIMITER ;;
CREATE DEFINER=`root`@`localhost` PROCEDURE `update_user_bio`(IN u_id INT, IN new_bio VARCHAR(255))
BEGIN
                UPDATE User SET bio = new_bio WHERE user_id = u_id;
            END ;;
DELIMITER ;
/*!50003 SET sql_mode              = @saved_sql_mode */ ;
/*!50003 SET character_set_client  = @saved_cs_client */ ;
/*!50003 SET character_set_results = @saved_cs_results */ ;
/*!50003 SET collation_connection  = @saved_col_connection */ ;
/*!40103 SET TIME_ZONE=@OLD_TIME_ZONE */;

/*!40101 SET SQL_MODE=@OLD_SQL_MODE */;
/*!40014 SET FOREIGN_KEY_CHECKS=@OLD_FOREIGN_KEY_CHECKS */;
/*!40014 SET UNIQUE_CHECKS=@OLD_UNIQUE_CHECKS */;
/*!40101 SET CHARACTER_SET_CLIENT=@OLD_CHARACTER_SET_CLIENT */;
/*!40101 SET CHARACTER_SET_RESULTS=@OLD_CHARACTER_SET_RESULTS */;
/*!40101 SET COLLATION_CONNECTION=@OLD_COLLATION_CONNECTION */;
/*!40111 SET SQL_NOTES=@OLD_SQL_NOTES */;

-- Dump completed on 2025-11-06 13:53:43
